{
  "train_losses": [
    2.473744417694833,
    1.749883926600861,
    1.694473852785371,
    1.631195287052676,
    1.5280155363700372,
    1.4136142833627385,
    1.2910566829520165,
    1.2063001497186345,
    1.1242158470822752,
    1.0634810748717767,
    1.0113072144470627,
    0.9642127619372854,
    0.918194822699046,
    0.8905424505686589,
    0.8572890117442865,
    0.8251430981879612,
    0.8041641655371343,
    0.7906309207566351,
    0.7792149461645017,
    0.7699571623862218,
    0.7586507531378767,
    0.7509067866870826,
    0.7346468000746459,
    0.738944454802026,
    0.7291606141508912,
    0.7268521272235637,
    0.7214891132262113,
    0.7204475516466786,
    0.7119608271679432,
    0.7088172591204266,
    0.7082849921082421,
    0.7062533543907481,
    0.7056703284490022,
    0.7073730551939217,
    0.7009966452773526,
    0.6981404008839628,
    0.6968955595930704,
    0.6923465263500488,
    0.6999414010013608,
    0.6928224824100947,
    0.6900519591441258,
    0.6894788110642125,
    0.6862781882929287,
    0.6962701679348088,
    0.6856950569710285,
    0.6834708171353924,
    0.68948303591862,
    0.6851011699052165,
    0.6823355962904237,
    0.6857549077529701
  ],
  "val_losses": [
    1.75786349773407,
    1.7025634050369263,
    1.6255730056762696,
    1.6085135173797607,
    1.43773268699646,
    1.3120421004295348,
    1.201603775024414,
    1.145747423171997,
    1.0703162932395935,
    1.0017050409317017,
    0.9898329997062683,
    0.9496680474281312,
    0.9066093969345093,
    0.8672046279907226,
    0.8253968691825867,
    0.7827974939346314,
    0.8098372793197632,
    0.7828483438491821,
    0.761310544013977,
    0.7565067434310913,
    0.7670833027362823,
    0.7510852193832398,
    0.7410013413429261,
    0.7311360502243042,
    0.7219421911239624,
    0.7045823907852173,
    0.7277470445632934,
    0.7252729213237763,
    0.7074003863334656,
    0.7031275081634522,
    0.7042465162277222,
    0.6895656609535217,
    0.694276180267334,
    0.6948006522655487,
    0.6935104501247406,
    0.7102220845222473,
    0.6943913209438324,
    0.6823562431335449,
    0.6803894114494323,
    0.7056186389923096,
    0.6951225984096527,
    0.6831911849975586,
    0.6937292778491974,
    0.6883085155487061,
    0.6797211050987244,
    0.6928409087657929,
    0.6901549279689789,
    0.7101550471782684,
    0.6821833634376526,
    0.6863573801517486
  ]
}
