{
  "timestamp": "2025-06-09T02:01:46.293814",
  "system_info": {
    "cpu_count": 16,
    "cpu_count_physical": 8,
    "cpu_freq": {
      "current": 4201.0,
      "min": 0.0,
      "max": 4201.0
    },
    "memory_total_gb": 31.22,
    "memory_available_gb": 12.68,
    "pytorch_version": "2.7.1+cpu",
    "cuda_available": false,
    "cuda_device_count": 0,
    "opencv_version": "4.11.0"
  },
  "benchmarks": {
    "yolov8n.pt": {
      "random_640x640": {
        "times": [
          0.037643400000888505,
          0.03476140000020678,
          0.03240480000022217,
          0.032170799999221344,
          0.032037599999966915,
          0.031128300001000753,
          0.03098159999899508,
          0.03179929999896558,
          0.03274539999983972,
          0.030890599999111146
        ],
        "mean": 0.032656319999841796,
        "median": 0.03210419999959413,
        "min": 0.030890599999111146,
        "max": 0.037643400000888505,
        "std": 0.0020812350236126876,
        "num_runs": 10,
        "image_shape": [
          640,
          640,
          3
        ],
        "model_name": "YOLOv8 Nano",
        "model_size_mb": 6.25
      },
      "random_1080x1920": {
        "times": [
          0.02234889999999723,
          0.021704299999328214,
          0.023477199998524156,
          0.021837099999174825,
          0.021469799999977113,
          0.022357399999236804,
          0.021832099999301136,
          0.023039200001221616,
          0.023077899999407236,
          0.02206599999954051
        ],
        "mean": 0.022320989999570884,
        "median": 0.02220744999976887,
        "min": 0.021469799999977113,
        "max": 0.023477199998524156,
        "std": 0.0006725307435329382,
        "num_runs": 10,
        "image_shape": [
          1920,
          1080,
          3
        ],
        "model_name": "YOLOv8 Nano",
        "model_size_mb": 6.25
      },
      "random_1920x1080": {
        "times": [
          0.02304349999940314,
          0.02213309999933699,
          0.022469199999250122,
          0.021355700000640354,
          0.02077839999947173,
          0.021870599999601836,
          0.022298899999441346,
          0.02219619999959832,
          0.02096459999847866,
          0.02246219999869936
        ],
        "mean": 0.021957239999392187,
        "median": 0.022164649999467656,
        "min": 0.02077839999947173,
        "max": 0.02304349999940314,
        "std": 0.0007184986958450561,
        "num_runs": 10,
        "image_shape": [
          1080,
          1920,
          3
        ],
        "model_name": "YOLOv8 Nano",
        "model_size_mb": 6.25
      },
      "random_320x320": {
        "times": [
          0.03174539999963599,
          0.031602600000042,
          0.03281830000014452,
          0.03257090000079188,
          0.031827200000407174,
          0.03291680000074848,
          0.03159349999987171,
          0.031159400001342874,
          0.03148429999964719,
          0.03217250000125205
        ],
        "mean": 0.03198909000038839,
        "median": 0.03178630000002158,
        "min": 0.031159400001342874,
        "max": 0.03291680000074848,
        "std": 0.0006013904971214257,
        "num_runs": 10,
        "image_shape": [
          320,
          320,
          3
        ],
        "model_name": "YOLOv8 Nano",
        "model_size_mb": 6.25
      },
      "demo_frame": {
        "times": [
          0.02233420000084152,
          0.021438599998873542,
          0.021576499999355292,
          0.022790899998653913,
          0.022663800000373158,
          0.022485699999378994,
          0.022020700000211946,
          0.0214073000006465,
          0.022501700001157587,
          0.022368800000549527,
          0.022657100000287755,
          0.022253799999816692,
          0.02214529999946535,
          0.022440200000346522,
          0.020961700000043493,
          0.02167580000059388,
          0.020624199998565018,
          0.02237539999987348,
          0.021359600001233048,
          0.02079810000032012
        ],
        "mean": 0.021943970000029366,
        "median": 0.02219954999964102,
        "min": 0.020624199998565018,
        "max": 0.022790899998653913,
        "std": 0.0006636265026145309,
        "num_runs": 20,
        "image_shape": [
          1080,
          1920,
          3
        ],
        "model_name": "YOLOv8 Nano",
        "model_size_mb": 6.25
      }
    },
    "yolov8m.pt": {
      "random_640x640": {
        "times": [
          0.16472980000071402,
          0.16532179999921937,
          0.164461600001232,
          0.16416969999954745,
          0.1625621000002866,
          0.16470439999829978,
          0.1670046999988699,
          0.16548890000012761,
          0.1651746000006824,
          0.16600060000018857
        ],
        "mean": 0.16496181999991677,
        "median": 0.1649522000006982,
        "min": 0.1625621000002866,
        "max": 0.1670046999988699,
        "std": 0.0011766961936942268,
        "num_runs": 10,
        "image_shape": [
          640,
          640,
          3
        ],
        "model_name": "YOLOv8 Medium",
        "model_size_mb": 49.72
      },
      "random_1080x1920": {
        "times": [
          0.10410899999988033,
          0.10300490000008722,
          0.10312850000082108,
          0.1045347999988735,
          0.10474749999957567,
          0.1039822999991884,
          0.10361030000058236,
          0.10550500000135798,
          0.10482840000076976,
          0.10165419999975711
        ],
        "mean": 0.10391049000008934,
        "median": 0.10404564999953436,
        "min": 0.10165419999975711,
        "max": 0.10550500000135798,
        "std": 0.0011121796783177664,
        "num_runs": 10,
        "image_shape": [
          1920,
          1080,
          3
        ],
        "model_name": "YOLOv8 Medium",
        "model_size_mb": 49.72
      },
      "random_1920x1080": {
        "times": [
          0.10460479999892414,
          0.1043219000002864,
          0.10316140000031737,
          0.10438089999843214,
          0.10498340000049211,
          0.10311770000043907,
          0.10483900000144786,
          0.10415389999980107,
          0.10191639999902691,
          0.10275670000009995
        ],
        "mean": 0.10382360999992671,
        "median": 0.10423790000004374,
        "min": 0.10191639999902691,
        "max": 0.10498340000049211,
        "std": 0.0010201809214418593,
        "num_runs": 10,
        "image_shape": [
          1080,
          1920,
          3
        ],
        "model_name": "YOLOv8 Medium",
        "model_size_mb": 49.72
      },
      "random_320x320": {
        "times": [
          0.1637033999995765,
          0.16339259999949718,
          0.16511779999927967,
          0.16659309999886318,
          0.1658776999993279,
          0.16715649999969173,
          0.1661192999999912,
          0.16562119999980496,
          0.1657073999995191,
          0.16604290000032051
        ],
        "mean": 0.1655331899995872,
        "median": 0.1657925499994235,
        "min": 0.16339259999949718,
        "max": 0.16715649999969173,
        "std": 0.00118422321701901,
        "num_runs": 10,
        "image_shape": [
          320,
          320,
          3
        ],
        "model_name": "YOLOv8 Medium",
        "model_size_mb": 49.72
      },