{
  "timestamp": "2025-06-09T01:52:48.474673",
  "system_info": {
    "cpu_count": 16,
    "cpu_count_physical": 8,
    "cpu_freq": {
      "current": 4201.0,
      "min": 0.0,
      "max": 4201.0
    },
    "memory_total_gb": 31.22,
    "memory_available_gb": 12.48,
    "pytorch_version": "2.7.1+cpu",
    "cuda_available": false,
    "cuda_device_count": 0,
    "opencv_version": "4.11.0"
  },
  "benchmarks": {
    "yolov8n.pt": {
      "random_640x640": {
        "times": [
          0.035770599999523256,
          0.031168200001047808,
          0.030333599999721628,
          0.0313296000003902,
          0.031589700000040466,
          0.031167000001005363,
          0.03419910000047821,
          0.03103910000027099,
          0.03166369999962626,
          0.03087269999923592
        ],
        "mean": 0.03191333000013401,
        "median": 0.031248900000719004,
        "min": 0.030333599999721628,
        "max": 0.035770599999523256,
        "std": 0.001701830110274979,
        "num_runs": 10,
        "image_shape": [
          640,
          640,
          3
        ],
        "model_name": "YOLOv8 Nano",
        "model_size_mb": 6.25
      },
      "random_1080x1920": {
        "times": [
          0.024401200000284007,
          0.02290250000078231,
          0.022642399999313056,
          0.022423299998990842,
          0.020961700000043493,
          0.022897000000739354,
          0.02157459999943967,
          0.01985400000012305,
          0.02084389999981795,
          0.021445200000016484
        ],
        "mean": 0.021994579999955022,
        "median": 0.021998949999215256,
        "min": 0.01985400000012305,
        "max": 0.024401200000284007,
        "std": 0.0013117063474989573,
        "num_runs": 10,
        "image_shape": [
          1920,
          1080,
          3
        ],
        "model_name": "YOLOv8 Nano",
        "model_size_mb": 6.25
      },
      "random_1920x1080": {
        "times": [
          0.024534399999538437,
          0.023084600001311628,
          0.021806100001413142,
          0.023053299999446608,
          0.01975040000070294,
          0.02014969999981986,
          0.020825999999942724,
          0.021237799999653362,
          0.021903000000747852,
          0.023286600000574253
        ],
        "mean": 0.021963190000315082,
        "median": 0.021854550001080497,
        "min": 0.01975040000070294,
        "max": 0.024534399999538437,
        "std": 0.0015217428789794955,
        "num_runs": 10,
        "image_shape": [
          1080,
          1920,
          3
        ],
        "model_name": "YOLOv8 Nano",
        "model_size_mb": 6.25
      },
      "random_320x320": {
        "times": [
          0.02982030000021041,
          0.03154560000075435,
          0.03327279999939492,
          0.0313174999992043,
          0.03208989999984624,
          0.031399100000271574,
          0.03177799999866693,
          0.02985679999983404,
          0.03175559999908728,
          0.030892499999026768
        ],
        "mean": 0.03137280999962968,
        "median": 0.03147235000051296,
        "min": 0.02982030000021041,
        "max": 0.03327279999939492,
        "std": 0.0010224026846300661,
        "num_runs": 10,
        "image_shape": [
          320,
          320,
          3
        ],
        "model_name": "YOLOv8 Nano",
        "model_size_mb": 6.25
      },
      "demo_frame": {
        "times": [
          0.021604499999739346,
          0.021048499998869374,
          0.020768099999258993,
          0.02234909999970114,
          0.022628199998507625,
          0.021805700000186334,
          0.020770600000105333,
          0.02228300000024319,
          0.02362899999934598,
          0.02203910000025644,
          0.02340089999961492,
          0.0211992000004102,
          0.02189379999981611,
          0.021099800000229152,
          0.02144140000018524,
          0.02125779999914812,
          0.022591599999941536,
          0.021406300000307965,
          0.021004199999879347,
          0.020900400000755326
        ],
        "mean": 0.021756059999825085,
        "median": 0.021522949999962293,
        "min": 0.020768099999258993,
        "max": 0.02362899999934598,
        "std": 0.0008392258375927252,
        "num_runs": 20,
        "image_shape": [
          1080,
          1920,
          3
        ],
        "model_name": "YOLOv8 Nano",
        "model_size_mb": 6.25
      }
    },
    "yolov8m.pt": {
      "random_640x640": {
        "times": [
          0.16451779999988503,
          0.16501810000045225,
          0.16593819999980042,
          0.16335780000008526,
          0.1630191999993258,
          0.1656992000007449,
          0.16476679999868793,
          0.16498409999985597,
          0.16270110000004934,
          0.16191609999987122
        ],
        "mean": 0.1641918399998758,
        "median": 0.16464229999928648,
        "min": 0.16191609999987122,
        "max": 0.16593819999980042,
        "std": 0.0013556926653667159,
        "num_runs": 10,
        "image_shape": [
          640,
          640,
          3
        ],
        "model_name": "YOLOv8 Medium",
        "model_size_mb": 49.72
      },
      "random_1080x1920": {
        "times": [
          0.10725579999962065,
          0.10513369999898714,
          0.1069255999991583,
          0.10409919999983686,
          0.10240899999917019,
          0.10332460000063293,
          0.10169580000001588,
          0.10260419999940495,
          0.10120889999961946,
          0.10336370000004536
        ],
        "mean": 0.10380204999964918,
        "median": 0.10334415000033914,
        "min": 0.10120889999961946,
        "max": 0.10725579999962065,
        "std": 0.0020683541938063526,
        "num_runs": 10,
        "image_shape": [
          1920,
          1080,
          3
        ],
        "model_name": "YOLOv8 Medium",
        "model_size_mb": 49.72
      },
      "random_1920x1080": {
        "times": [
          0.10377900000094087,
          0.10363610000058543,
          0.10524520000035409,
          0.10341960000005201,
          0.10213280000061786,
          0.1034248000014486,
          0.10226169999987178,
          0.10319600000002538,
          0.10233479999988049,
          0.10318479999841657
        ],
        "mean": 0.10326148000021931,
        "median": 0.1033078000000387,
        "min": 0.10213280000061786,
        "max": 0.10524520000035409,
        "std": 0.0009151423300734012,
        "num_runs": 10,
        "image_shape": [
          1080,
          1920,
          3
        ],
        "model_name": "YOLOv8 Medium",
        "model_size_mb": 49.72
      },
      "random_320x320": {
        "times": [
          0.15881900000022142,
          0.1636516999988089,
          0.165402600001471,
          0.16243199999917124,
          0.1650158000011288,
          0.16514810000080615,
          0.16234780000013416,
          0.16442970000025525,
          0.1647966999989876,
          0.1647821999995358
        ],
        "mean": 0.16368256000005205,
        "median": 0.16460594999989553,
        "min": 0.15881900000022142,
        "max": 0.165402600001471,
        "std": 0.002024660768051232,
        "num_runs": 10,
        "image_shape": [
          320,
          320,
          3
        ],
        "model_name": "YOLOv8 Medium",
        "model_size_mb": 49.72
      },